location,storage,forecast,stress
Gauting,76.75999999999999,-9.310000000000002,LOW
Waging am See,70.57000000000001,-7.139999999999998,LOW
Dettenhausen,31.690000000000005,-10.100000000000001,MODERATE
